"User ID","Value","Gene Name","Species"
"AARD","","alanine and arginine rich domain containing protein(AARD)","Homo sapiens"
"ABHD14A","","abhydrolase domain containing 14A(ABHD14A)","Homo sapiens"
"ABHD14B","","abhydrolase domain containing 14B(ABHD14B)","Homo sapiens"
"ABL2","","ABL proto-oncogene 2, non-receptor tyrosine kinase(ABL2)","Homo sapiens"
"ACAA1","","acetyl-CoA acyltransferase 1(ACAA1)","Homo sapiens"
"ACAT2","","acetyl-CoA acetyltransferase 2(ACAT2)","Homo sapiens"
"ADAMTS9","","ADAM metallopeptidase with thrombospondin type 1 motif 9(ADAMTS9)","Homo sapiens"
"ADCK2","","aarF domain containing kinase 2(ADCK2)","Homo sapiens"
"ADGRE5","","adhesion G protein-coupled receptor E5(ADGRE5)","Homo sapiens"
"ADGRG3","","adhesion G protein-coupled receptor G3(ADGRG3)","Homo sapiens"
"AFF4","","ALF transcription elongation factor 4(AFF4)","Homo sapiens"
"AGER","","advanced glycosylation end-product specific receptor(AGER)","Homo sapiens"
"AGPAT4","","1-acylglycerol-3-phosphate O-acyltransferase 4(AGPAT4)","Homo sapiens"
"AIMP1","","aminoacyl tRNA synthetase complex interacting multifunctional protein 1(AIMP1)","Homo sapiens"
"AKR1B10","","aldo-keto reductase family 1 member B10(AKR1B10)","Homo sapiens"
"ALDH5A1","","aldehyde dehydrogenase 5 family member A1(ALDH5A1)","Homo sapiens"
"ALG3","","ALG3 alpha-1,3- mannosyltransferase(ALG3)","Homo sapiens"
"ALKAL1","","ALK and LTK ligand 1(ALKAL1)","Homo sapiens"
"ANGPTL1","","angiopoietin like 1(ANGPTL1)","Homo sapiens"
"ANKDD1A","","ankyrin repeat and death domain containing 1A(ANKDD1A)","Homo sapiens"
"ANKRD29","","ankyrin repeat domain 29(ANKRD29)","Homo sapiens"
"ANKRD37","","ankyrin repeat domain 37(ANKRD37)","Homo sapiens"
"ANXA2R","","annexin A2 receptor(ANXA2R)","Homo sapiens"
"APOE","","apolipoprotein E(APOE)","Homo sapiens"
"APPBP2","","amyloid beta precursor protein binding protein 2(APPBP2)","Homo sapiens"
"AQP5","","aquaporin 5(AQP5)","Homo sapiens"
"ARG2","","arginase 2(ARG2)","Homo sapiens"
"ARL5B","","ARF like GTPase 5B(ARL5B)","Homo sapiens"
"ARMC1","","armadillo repeat containing 1(ARMC1)","Homo sapiens"
"ARRDC2","","arrestin domain containing 2(ARRDC2)","Homo sapiens"
"ARSK","","arylsulfatase family member K(ARSK)","Homo sapiens"
"ATF3","","activating transcription factor 3(ATF3)","Homo sapiens"
"ATG101","","autophagy related 101(ATG101)","Homo sapiens"
"ATOH8","","atonal bHLH transcription factor 8(ATOH8)","Homo sapiens"
"ATP10A","","ATPase phospholipid transporting 10A (putative)(ATP10A)","Homo sapiens"
"ATP10D","","ATPase phospholipid transporting 10D (putative)(ATP10D)","Homo sapiens"
"ATP5PD","","ATP synthase peripheral stalk subunit d(ATP5PD)","Homo sapiens"
"ATP5PO","","ATP synthase peripheral stalk subunit OSCP(ATP5PO)","Homo sapiens"
"ATP6V0A2","","ATPase H+ transporting V0 subunit a2(ATP6V0A2)","Homo sapiens"
"ATXN7L3B","","ataxin 7 like 3B(ATXN7L3B)","Homo sapiens"
"AUH","","AU RNA binding methylglutaconyl-CoA hydratase(AUH)","Homo sapiens"
"BAG3","","BAG cochaperone 3(BAG3)","Homo sapiens"
"BBC3","","BCL2 binding component 3(BBC3)","Homo sapiens"
"BCAM","","basal cell adhesion molecule (Lutheran blood group)(BCAM)","Homo sapiens"
"BCCIP","","BRCA2 and CDKN1A interacting protein(BCCIP)","Homo sapiens"
"BCL2L11","","BCL2 like 11(BCL2L11)","Homo sapiens"
"BEX4","","brain expressed X-linked 4(BEX4)","Homo sapiens"
"BLK","","BLK proto-oncogene, Src family tyrosine kinase(BLK)","Homo sapiens"
"BST2","","bone marrow stromal cell antigen 2(BST2)","Homo sapiens"
"BTG2","","BTG anti-proliferation factor 2(BTG2)","Homo sapiens"
"C11orf24","","chromosome 11 open reading frame 24(C11orf24)","Homo sapiens"
"C17orf67","","chromosome 17 open reading frame 67(C17orf67)","Homo sapiens"
"C1QA","","complement C1q A chain(C1QA)","Homo sapiens"
"C2CD4B","","C2 calcium dependent domain containing 4B(C2CD4B)","Homo sapiens"
"C5orf63","","chromosome 5 open reading frame 63(C5orf63)","Homo sapiens"
"CADPS","","calcium dependent secretion activator(CADPS)","Homo sapiens"
"CAVIN2","","caveolae associated protein 2(CAVIN2)","Homo sapiens"
"CCDC122","","coiled-coil domain containing 122(CCDC122)","Homo sapiens"
"CCDC14","","coiled-coil domain containing 14(CCDC14)","Homo sapiens"
"CCDC47","","coiled-coil domain containing 47(CCDC47)","Homo sapiens"
"CCDC9B","","coiled-coil domain containing 9B(CCDC9B)","Homo sapiens"
"CCL2","","C-C motif chemokine ligand 2(CCL2)","Homo sapiens"
"CCT3","","chaperonin containing TCP1 subunit 3(CCT3)","Homo sapiens"
"CD300C","","CD300c molecule(CD300C)","Homo sapiens"
"CD70","","CD70 molecule(CD70)","Homo sapiens"
"CD74","","CD74 molecule(CD74)","Homo sapiens"
"CDC34","","cell division cycle 34, ubiquitin conjugating enzyme(CDC34)","Homo sapiens"
"CDH5","","cadherin 5(CDH5)","Homo sapiens"
"CDK13","","cyclin dependent kinase 13(CDK13)","Homo sapiens"
"CDKL1","","cyclin dependent kinase like 1(CDKL1)","Homo sapiens"
"CEBPB","","CCAAT enhancer binding protein beta(CEBPB)","Homo sapiens"
"CFAP36","","cilia and flagella associated protein 36(CFAP36)","Homo sapiens"
"CHML","","CHM like Rab escort protein(CHML)","Homo sapiens"
"CHPT1","","choline phosphotransferase 1(CHPT1)","Homo sapiens"
"CIMAP2","","ciliary microtubule associated protein 2(CIMAP2)","Homo sapiens"
"CLCA2","","chloride channel accessory 2(CLCA2)","Homo sapiens"
"CLIC5","","chloride intracellular channel 5(CLIC5)","Homo sapiens"
"CLSPN","","claspin(CLSPN)","Homo sapiens"
"CLU","","clusterin(CLU)","Homo sapiens"
"CNTNAP3B","","contactin associated protein family member 3B(CNTNAP3B)","Homo sapiens"
"COL15A1","","collagen type XV alpha 1 chain(COL15A1)","Homo sapiens"
"COL1A2","","collagen type I alpha 2 chain(COL1A2)","Homo sapiens"
"COL3A1","","collagen type III alpha 1 chain(COL3A1)","Homo sapiens"
"COL6A2","","collagen type VI alpha 2 chain(COL6A2)","Homo sapiens"
"COL6A3","","collagen type VI alpha 3 chain(COL6A3)","Homo sapiens"
"COMMD7","","COMM domain containing 7(COMMD7)","Homo sapiens"
"COPRS","","coordinator of PRMT5 and differentiation stimulator(COPRS)","Homo sapiens"
"COPS9","","COP9 signalosome subunit 9(COPS9)","Homo sapiens"
"COQ6","","coenzyme Q6, monooxygenase(COQ6)","Homo sapiens"
"COX18","","cytochrome c oxidase assembly factor COX18(COX18)","Homo sapiens"
"CPE","","carboxypeptidase E(CPE)","Homo sapiens"
"CPM","","carboxypeptidase M(CPM)","Homo sapiens"
"CRIP1","","cysteine rich protein 1(CRIP1)","Homo sapiens"
"CRISPLD2","","cysteine rich secretory protein LCCL domain containing 2(CRISPLD2)","Homo sapiens"
"CSNK2B","","casein kinase 2 beta(CSNK2B)","Homo sapiens"
"CSPG5","","chondroitin sulfate proteoglycan 5(CSPG5)","Homo sapiens"
"CTBP1","","C-terminal binding protein 1(CTBP1)","Homo sapiens"
"CTTNBP2NL","","CTTNBP2 N-terminal like(CTTNBP2NL)","Homo sapiens"
"CUL2","","cullin 2(CUL2)","Homo sapiens"
"CUL4A","","cullin 4A(CUL4A)","Homo sapiens"
"CXCL2","","C-X-C motif chemokine ligand 2(CXCL2)","Homo sapiens"
"CXCL3","","C-X-C motif chemokine ligand 3(CXCL3)","Homo sapiens"
"CYP2R1","","cytochrome P450 family 2 subfamily R member 1(CYP2R1)","Homo sapiens"
"DAB2","","DAB adaptor protein 2(DAB2)","Homo sapiens"
"DAPK3","","death associated protein kinase 3(DAPK3)","Homo sapiens"
"DAPL1","","death associated protein like 1(DAPL1)","Homo sapiens"
"DCLK1","","doublecortin like kinase 1(DCLK1)","Homo sapiens"
"DDB2","","damage specific DNA binding protein 2(DDB2)","Homo sapiens"
"DELE1","","DAP3 binding cell death enhancer 1(DELE1)","Homo sapiens"
"DEPP1","","DEPP autophagy regulator 1(DEPP1)","Homo sapiens"
"DHX32","","DEAH-box helicase 32 (putative)(DHX32)","Homo sapiens"
"DIP2C","","disco interacting protein 2 homolog C(DIP2C)","Homo sapiens"
"DLC1","","DLC1 Rho GTPase activating protein(DLC1)","Homo sapiens"
"DNAAF9","","dynein axonemal assembly factor 9(DNAAF9)","Homo sapiens"
"DNAI7","","dynein axonemal intermediate chain 7(DNAI7)","Homo sapiens"
"DNAJA4","","DnaJ heat shock protein family (Hsp40) member A4(DNAJA4)","Homo sapiens"
"DNAJC25","","DnaJ heat shock protein family (Hsp40) member C25(DNAJC25)","Homo sapiens"
"DNMBP","","dynamin binding protein(DNMBP)","Homo sapiens"
"DOK2","","docking protein 2(DOK2)","Homo sapiens"
"DPP4","","dipeptidyl peptidase 4(DPP4)","Homo sapiens"
"DYNC2LI1","","dynein cytoplasmic 2 light intermediate chain 1(DYNC2LI1)","Homo sapiens"
"ECE2","","endothelin converting enzyme 2(ECE2)","Homo sapiens"
"ECI1","","enoyl-CoA delta isomerase 1(ECI1)","Homo sapiens"
"EDEM1","","ER degradation enhancing alpha-mannosidase like protein 1(EDEM1)","Homo sapiens"
"EEF1AKMT3","","EEF1A lysine methyltransferase 3(EEF1AKMT3)","Homo sapiens"
"EEF1G","","eukaryotic translation elongation factor 1 gamma(EEF1G)","Homo sapiens"
"EFNB2","","ephrin B2(EFNB2)","Homo sapiens"
"EGLN2","","egl-9 family hypoxia inducible factor 2(EGLN2)","Homo sapiens"
"EIF4E","","eukaryotic translation initiation factor 4E(EIF4E)","Homo sapiens"
"EIF4G3","","eukaryotic translation initiation factor 4 gamma 3(EIF4G3)","Homo sapiens"
"ELL","","elongation factor for RNA polymerase II(ELL)","Homo sapiens"
"ELOB","","elongin B(ELOB)","Homo sapiens"
"EMC9","","ER membrane protein complex subunit 9(EMC9)","Homo sapiens"
"ENO1","","enolase 1(ENO1)","Homo sapiens"
"ENSG00000226471","","",""
"ENSG00000247925","","",""
"ENSG00000257764","","",""
"ENSG00000259865","","",""
"ENSG00000266311","","",""
"ENSG00000268416","","",""
"ENSG00000272368","","",""
"ENSG00000273748","","",""
"ENSG00000275234","","",""
"ENSG00000276850","","annexin A8(ANXA8)","Homo sapiens"
"ENSG00000278291","","",""
"ENSG00000283765","","presenilin associated rhomboid like(PARL)","Homo sapiens"
"EPS8L1","","EPS8 signaling adaptor L1(EPS8L1)","Homo sapiens"
"EPSTI1","","epithelial stromal interaction 1(EPSTI1)","Homo sapiens"
"ERAL1","","Era like 12S mitochondrial rRNA chaperone 1(ERAL1)","Homo sapiens"
"ERLEC1","","endoplasmic reticulum lectin 1(ERLEC1)","Homo sapiens"
"ETFDH","","electron transfer flavoprotein dehydrogenase(ETFDH)","Homo sapiens"
"FABP4","","fatty acid binding protein 4(FABP4)","Homo sapiens"
"FABP5","","fatty acid binding protein 5(FABP5)","Homo sapiens"
"FADS1","","fatty acid desaturase 1(FADS1)","Homo sapiens"
"FAM13A","","family with sequence similarity 13 member A(FAM13A)","Homo sapiens"
"FAM204A","","family with sequence similarity 204 member A(FAM204A)","Homo sapiens"
"FAM210A","","family with sequence similarity 210 member A(FAM210A)","Homo sapiens"
"FBH1","","F-box DNA helicase 1(FBH1)","Homo sapiens"
"FCGBP","","Fc gamma binding protein(FCGBP)","Homo sapiens"
"FCGR2B","","Fc gamma receptor IIb(FCGR2B)","Homo sapiens"
"FCN1","","ficolin 1(FCN1)","Homo sapiens"
"FIGNL1","","fidgetin like 1(FIGNL1)","Homo sapiens"
"FILIP1L","","filamin A interacting protein 1 like(FILIP1L)","Homo sapiens"
"FKBP1C","","FKBP prolyl isomerase family member 1C(FKBP1C)","Homo sapiens"
"FKBP5","","FKBP prolyl isomerase 5(FKBP5)","Homo sapiens"
"FRY","","FRY microtubule binding protein(FRY)","Homo sapiens"
"FST","","follistatin(FST)","Homo sapiens"
"FXN","","frataxin(FXN)","Homo sapiens"
"G3BP2","","G3BP stress granule assembly factor 2(G3BP2)","Homo sapiens"
"GALK2","","galactokinase 2(GALK2)","Homo sapiens"
"GALM","","galactose mutarotase(GALM)","Homo sapiens"
"GAS6","","growth arrest specific 6(GAS6)","Homo sapiens"
"GATA2","","GATA binding protein 2(GATA2)","Homo sapiens"
"GEMIN2","","gem nuclear organelle associated protein 2(GEMIN2)","Homo sapiens"
"GPC3","","glypican 3(GPC3)","Homo sapiens"
"GPR132","","G protein-coupled receptor 132(GPR132)","Homo sapiens"
"GPR176","","G protein-coupled receptor 176(GPR176)","Homo sapiens"
"GSTA1","","glutathione S-transferase alpha 1(GSTA1)","Homo sapiens"
"GSTM2","","glutathione S-transferase mu 2(GSTM2)","Homo sapiens"
"GSTO1","","glutathione S-transferase omega 1(GSTO1)","Homo sapiens"
"GTF3C3","","general transcription factor IIIC subunit 3(GTF3C3)","Homo sapiens"
"HACL1","","2-hydroxyacyl-CoA lyase 1(HACL1)","Homo sapiens"
"HAS3","","hyaluronan synthase 3(HAS3)","Homo sapiens"
"HAT1","","histone acetyltransferase 1(HAT1)","Homo sapiens"
"HBB","","hemoglobin subunit beta(HBB)","Homo sapiens"
"HDAC9","","histone deacetylase 9(HDAC9)","Homo sapiens"
"HEBP2","","heme binding protein 2(HEBP2)","Homo sapiens"
"HELB","","DNA helicase B(HELB)","Homo sapiens"
"HELLS","","helicase, lymphoid specific(HELLS)","Homo sapiens"
"HEXA","","hexosaminidase subunit alpha(HEXA)","Homo sapiens"
"HEXIM1","","HEXIM P-TEFb complex subunit 1(HEXIM1)","Homo sapiens"
"HIF1A","","hypoxia inducible factor 1 subunit alpha(HIF1A)","Homo sapiens"
"HIGD1B","","HIG1 hypoxia inducible domain family member 1B(HIGD1B)","Homo sapiens"
"HINT1","","histidine triad nucleotide binding protein 1(HINT1)","Homo sapiens"
"HMBS","","hydroxymethylbilane synthase(HMBS)","Homo sapiens"
"HMOX1","","heme oxygenase 1(HMOX1)","Homo sapiens"
"HNRNPDL","","heterogeneous nuclear ribonucleoprotein D like(HNRNPDL)","Homo sapiens"
"HNRNPLL","","heterogeneous nuclear ribonucleoprotein L like(HNRNPLL)","Homo sapiens"
"HSF1","","heat shock transcription factor 1(HSF1)","Homo sapiens"
"HSPA14","","heat shock protein family A (Hsp70) member 14(HSPA14)","Homo sapiens"
"HSPA6","","heat shock protein family A (Hsp70) member 6(HSPA6)","Homo sapiens"
"HSPB6","","heat shock protein family B (small) member 6(HSPB6)","Homo sapiens"
"HSPD1","","heat shock protein family D (Hsp60) member 1(HSPD1)","Homo sapiens"
"HTRA2","","HtrA serine peptidase 2(HTRA2)","Homo sapiens"
"ICAM4","","intercellular adhesion molecule 4 (Landsteiner-Wiener blood group)(ICAM4)","Homo sapiens"
"IER5L","","immediate early response 5 like(IER5L)","Homo sapiens"
"IFITM2","","interferon induced transmembrane protein 2(IFITM2)","Homo sapiens"
"IFT57","","intraflagellar transport 57(IFT57)","Homo sapiens"
"IGBP1","","immunoglobulin binding protein 1(IGBP1)","Homo sapiens"
"IGF2BP3","","insulin like growth factor 2 mRNA binding protein 3(IGF2BP3)","Homo sapiens"
"IGFBP6","","insulin like growth factor binding protein 6(IGFBP6)","Homo sapiens"
"IKZF4","","IKAROS family zinc finger 4(IKZF4)","Homo sapiens"
"IL12RB2","","interleukin 12 receptor subunit beta 2(IL12RB2)","Homo sapiens"
"IL1B","","interleukin 1 beta(IL1B)","Homo sapiens"
"IL1RL1","","interleukin 1 receptor like 1(IL1RL1)","Homo sapiens"
"IL2RG","","interleukin 2 receptor subunit gamma(IL2RG)","Homo sapiens"
"IL6","","interleukin 6(IL6)","Homo sapiens"
"INAFM1","","InaF motif containing 1(INAFM1)","Homo sapiens"
"INPP4B","","inositol polyphosphate-4-phosphatase type II B(INPP4B)","Homo sapiens"
"INTS10","","integrator complex subunit 10(INTS10)","Homo sapiens"
"INTU","","inturned planar cell polarity protein(INTU)","Homo sapiens"
"IP6K1","","inositol hexakisphosphate kinase 1(IP6K1)","Homo sapiens"
"IQCK","","IQ motif containing K(IQCK)","Homo sapiens"
"ITPR1","","inositol 1,4,5-trisphosphate receptor type 1(ITPR1)","Homo sapiens"
"KANSL1","","KAT8 regulatory NSL complex subunit 1(KANSL1)","Homo sapiens"
"KCNJ6","","potassium inwardly rectifying channel subfamily J member 6(KCNJ6)","Homo sapiens"
"KCNMB4","","potassium calcium-activated channel subfamily M regulatory beta subunit 4(KCNMB4)","Homo sapiens"
"KIF5C","","kinesin family member 5C(KIF5C)","Homo sapiens"
"KLF2","","KLF transcription factor 2(KLF2)","Homo sapiens"
"KLHL5","","kelch like family member 5(KLHL5)","Homo sapiens"
"KLRK1","","killer cell lectin like receptor K1(KLRK1)","Homo sapiens"
"KRT5","","keratin 5(KRT5)","Homo sapiens"
"KXD1","","KxDL motif containing 1(KXD1)","Homo sapiens"
"KYNU","","kynureninase(KYNU)","Homo sapiens"
"L3MBTL2","","L3MBTL histone methyl-lysine binding protein 2(L3MBTL2)","Homo sapiens"
"LAIR1","","leukocyte associated immunoglobulin like receptor 1(LAIR1)","Homo sapiens"
"LARP4B","","La ribonucleoprotein 4B(LARP4B)","Homo sapiens"
"LDB3","","LIM domain binding 3(LDB3)","Homo sapiens"
"LINC00526","","long intergenic non-protein coding RNA 526(LINC00526)","Homo sapiens"
"LINC00847","","long intergenic non-protein coding RNA 847(LINC00847)","Homo sapiens"
"LINC01138","","long intergenic non-protein coding RNA 1138(LINC01138)","Homo sapiens"
"LINC01410","","long intergenic non-protein coding RNA 1410(LINC01410)","Homo sapiens"
"LINC01436","","long intergenic non-protein coding RNA 1436(LINC01436)","Homo sapiens"
"LINC01473","","long intergenic non-protein coding RNA 1473(LINC01473)","Homo sapiens"
"LINC02762","","long intergenic non-protein coding RNA 2762(LINC02762)","Homo sapiens"
"LLPH","","LLP homolog, long-term synaptic facilitation factor(LLPH)","Homo sapiens"
"LMNB1","","lamin B1(LMNB1)","Homo sapiens"
"LPIN2","","lipin 2(LPIN2)","Homo sapiens"
"LRCH1","","leucine rich repeats and calponin homology domain containing 1(LRCH1)","Homo sapiens"
"LRP1","","LDL receptor related protein 1(LRP1)","Homo sapiens"
"LRRC57","","leucine rich repeat containing 57(LRRC57)","Homo sapiens"
"LRRCC1","","leucine rich repeat and coiled-coil centrosomal protein 1(LRRCC1)","Homo sapiens"
"LURAP1","","leucine rich adaptor protein 1(LURAP1)","Homo sapiens"
"LYZ","","lysozyme(LYZ)","Homo sapiens"
"MACROH2A2","","macroH2A.2 histone(MACROH2A2)","Homo sapiens"
"MALL.1","","",""
"MAP1LC3B2","","microtubule associated protein 1 light chain 3 beta 2(MAP1LC3B2)","Homo sapiens"
"MAP2K2","","mitogen-activated protein kinase kinase 2(MAP2K2)","Homo sapiens"
"MAP3K20","","mitogen-activated protein kinase kinase kinase 20(MAP3K20)","Homo sapiens"
"MARCHF3","","membrane associated ring-CH-type finger 3(MARCHF3)","Homo sapiens"
"MARCO","","macrophage receptor with collagenous structure(MARCO)","Homo sapiens"
"MCEMP1","","mast cell expressed membrane protein 1(MCEMP1)","Homo sapiens"
"MEA1","","male-enhanced antigen 1(MEA1)","Homo sapiens"
"MED21","","mediator complex subunit 21(MED21)","Homo sapiens"
"MEDAG","","mesenteric estrogen dependent adipogenesis(MEDAG)","Homo sapiens"
"MEMO1","","mediator of cell motility 1(MEMO1)","Homo sapiens"
"MIA2","","MIA SH3 domain ER export factor 2(MIA2)","Homo sapiens"
"MINDY2","","MINDY lysine 48 deubiquitinase 2(MINDY2)","Homo sapiens"
"MIR4485","","microRNA 4485(MIR4485)","Homo sapiens"
"MMAA","","metabolism of cobalamin associated A(MMAA)","Homo sapiens"
"MMP16","","matrix metallopeptidase 16(MMP16)","Homo sapiens"
"MPP7","","MAGUK p55 scaffold protein 7(MPP7)","Homo sapiens"
"MPV17L2","","MPV17 mitochondrial inner membrane protein like 2(MPV17L2)","Homo sapiens"
"MRGPRF","","MAS related GPR family member F(MRGPRF)","Homo sapiens"
"MRPL18","","mitochondrial ribosomal protein L18(MRPL18)","Homo sapiens"
"MT","","",""
"MT1A","","metallothionein 1A(MT1A)","Homo sapiens"
"MT1E","","metallothionein 1E(MT1E)","Homo sapiens"
"MT1G","","metallothionein 1G(MT1G)","Homo sapiens"
"MTCH2","","mitochondrial carrier 2(MTCH2)","Homo sapiens"
"MTERF1","","mitochondrial transcription termination factor 1(MTERF1)","Homo sapiens"
"MXD1","","MAX dimerization protein 1(MXD1)","Homo sapiens"
"MYADM","","myeloid associated differentiation marker(MYADM)","Homo sapiens"
"MYLK","","myosin light chain kinase(MYLK)","Homo sapiens"
"MYO10","","myosin X(MYO10)","Homo sapiens"
"NAA10","","N-alpha-acetyltransferase 10, NatA catalytic subunit(NAA10)","Homo sapiens"
"NDUFV1","","NADH:ubiquinone oxidoreductase core subunit V1(NDUFV1)","Homo sapiens"
"NEGR1","","neuronal growth regulator 1(NEGR1)","Homo sapiens"
"NELL1","","neural EGFL like 1(NELL1)","Homo sapiens"
"NFX1","","nuclear transcription factor, X-box binding 1(NFX1)","Homo sapiens"
"NIPSNAP2","","nipsnap homolog 2(NIPSNAP2)","Homo sapiens"
"NIPSNAP3B","","nipsnap homolog 3B(NIPSNAP3B)","Homo sapiens"
"NME2","","NME/NM23 nucleoside diphosphate kinase 2(NME2)","Homo sapiens"
"NNMT","","nicotinamide N-methyltransferase(NNMT)","Homo sapiens"
"NOP2","","NOP2 nucleolar protein(NOP2)","Homo sapiens"
"NPIPB11","","nuclear pore complex interacting protein family member B11(NPIPB11)","Homo sapiens"
"NPIPB4","","nuclear pore complex interacting protein family member B4(NPIPB4)","Homo sapiens"
"NPIPB5","","nuclear pore complex interacting protein family member B5(NPIPB5)","Homo sapiens"
"NT5C3B","","5'-nucleotidase, cytosolic IIIB(NT5C3B)","Homo sapiens"
"NTM","","neurotrimin(NTM)","Homo sapiens"
"NTS","","neurotensin(NTS)","Homo sapiens"
"NUDT2","","nudix hydrolase 2(NUDT2)","Homo sapiens"
"NUDT4","","nudix hydrolase 4(NUDT4)","Homo sapiens"
"NUP43","","nucleoporin 43(NUP43)","Homo sapiens"
"NXT1","","nuclear transport factor 2 like export factor 1(NXT1)","Homo sapiens"
"ODC1","","ornithine decarboxylase 1(ODC1)","Homo sapiens"
"OGFOD2","","2-oxoglutarate and iron dependent oxygenase domain containing 2(OGFOD2)","Homo sapiens"
"OSBPL8","","oxysterol binding protein like 8(OSBPL8)","Homo sapiens"
"OTUD6B","","OTU deubiquitinase 6B(OTUD6B)","Homo sapiens"
"OXNAD1","","oxidoreductase NAD binding domain containing 1(OXNAD1)","Homo sapiens"
"PACS1","","phosphofurin acidic cluster sorting protein 1(PACS1)","Homo sapiens"
"PACSIN2","","protein kinase C and casein kinase substrate in neurons 2(PACSIN2)","Homo sapiens"
"PAICS","","phosphoribosylaminoimidazole carboxylase and phosphoribosylaminoimidazolesuccinocarboxamide synthase(PAICS)","Homo sapiens"
"PCBP4","","poly(rC) binding protein 4(PCBP4)","Homo sapiens"
"PCSK2","","proprotein convertase subtilisin/kexin type 2(PCSK2)","Homo sapiens"
"PCSK7","","proprotein convertase subtilisin/kexin type 7(PCSK7)","Homo sapiens"
"PCYOX1","","prenylcysteine oxidase 1(PCYOX1)","Homo sapiens"
"PDE4B","","phosphodiesterase 4B(PDE4B)","Homo sapiens"
"PEAK1","","pseudopodium enriched atypical kinase 1(PEAK1)","Homo sapiens"
"PEBP1","","phosphatidylethanolamine binding protein 1(PEBP1)","Homo sapiens"
"PEG10","","paternally expressed 10(PEG10)","Homo sapiens"
"PGAM1","","phosphoglycerate mutase 1(PGAM1)","Homo sapiens"
"PGGHG","","protein-glucosylgalactosylhydroxylysine glucosidase(PGGHG)","Homo sapiens"
"PHLDA2","","pleckstrin homology like domain family A member 2(PHLDA2)","Homo sapiens"
"PIGR","","polymeric immunoglobulin receptor(PIGR)","Homo sapiens"
"PLA2G3","","phospholipase A2 group III(PLA2G3)","Homo sapiens"
"PLAT","","plasminogen activator, tissue type(PLAT)","Homo sapiens"
"PLPPR2","","phospholipid phosphatase related 2(PLPPR2)","Homo sapiens"
"PLXNA1","","plexin A1(PLXNA1)","Homo sapiens"
"PLXNA2","","plexin A2(PLXNA2)","Homo sapiens"
"POLR3D","","RNA polymerase III subunit D(POLR3D)","Homo sapiens"
"PPARA","","peroxisome proliferator activated receptor alpha(PPARA)","Homo sapiens"
"PPBP","","pro-platelet basic protein(PPBP)","Homo sapiens"
"PPM1H","","protein phosphatase, Mg2+/Mn2+ dependent 1H(PPM1H)","Homo sapiens"
"PPP1R1B","","protein phosphatase 1 regulatory inhibitor subunit 1B(PPP1R1B)","Homo sapiens"
"PRELID1","","PRELI domain containing 1(PRELID1)","Homo sapiens"
"PRICKLE4","","prickle planar cell polarity protein 4(PRICKLE4)","Homo sapiens"
"PRKAA2","","protein kinase AMP-activated catalytic subunit alpha 2(PRKAA2)","Homo sapiens"
"PRR29","","proline rich 29(PRR29)","Homo sapiens"
"PSEN1","","presenilin 1(PSEN1)","Homo sapiens"
"PTAFR","","platelet activating factor receptor(PTAFR)","Homo sapiens"
"PTCHD4","","patched domain containing 4(PTCHD4)","Homo sapiens"
"PTER","","phosphotriesterase related(PTER)","Homo sapiens"
"PTGDS","","prostaglandin D2 synthase(PTGDS)","Homo sapiens"
"PTGER2","","prostaglandin E receptor 2(PTGER2)","Homo sapiens"
"PTGFR","","prostaglandin F receptor(PTGFR)","Homo sapiens"
"PTGR3","","prostaglandin reductase 3(PTGR3)","Homo sapiens"
"PWP2","","PWP2 small subunit processome component(PWP2)","Homo sapiens"
"QSOX1","","quiescin sulfhydryl oxidase 1(QSOX1)","Homo sapiens"
"RAB11FIP1","","RAB11 family interacting protein 1(RAB11FIP1)","Homo sapiens"
"RAB3B","","RAB3B, member RAS oncogene family(RAB3B)","Homo sapiens"
"RAB5C","","RAB5C, member RAS oncogene family(RAB5C)","Homo sapiens"
"RAB8A","","RAB8A, member RAS oncogene family(RAB8A)","Homo sapiens"
"RABEP1","","rabaptin, RAB GTPase binding effector protein 1(RABEP1)","Homo sapiens"
"RAI1","","retinoic acid induced 1(RAI1)","Homo sapiens"
"RALYL","","RALY RNA binding protein like(RALYL)","Homo sapiens"
"RAMP1","","receptor activity modifying protein 1(RAMP1)","Homo sapiens"
"RANBP1","","RAN binding protein 1(RANBP1)","Homo sapiens"
"RANGRF","","RAN guanine nucleotide release factor(RANGRF)","Homo sapiens"
"RARRES2","","retinoic acid receptor responder 2(RARRES2)","Homo sapiens"
"RARS1","","arginyl-tRNA synthetase 1(RARS1)","Homo sapiens"
"RBM12","","RNA binding motif protein 12(RBM12)","Homo sapiens"
"RDH10","","retinol dehydrogenase 10(RDH10)","Homo sapiens"
"RETN","","resistin(RETN)","Homo sapiens"
"RGN","","regucalcin(RGN)","Homo sapiens"
"RHOC","","ras homolog family member C(RHOC)","Homo sapiens"
"RHPN2","","rhophilin Rho GTPase binding protein 2(RHPN2)","Homo sapiens"
"RILPL1","","Rab interacting lysosomal protein like 1(RILPL1)","Homo sapiens"
"RNASEK","","ribonuclease K(RNASEK)","Homo sapiens"
"RPS10","","ribosomal protein S10(RPS10)","Homo sapiens"
"RSU1","","Ras suppressor protein 1(RSU1)","Homo sapiens"
"RYBP","","RING1 and YY1 binding protein(RYBP)","Homo sapiens"
"SAMD11","","sterile alpha motif domain containing 11(SAMD11)","Homo sapiens"
"SCAI","","suppressor of cancer cell invasion(SCAI)","Homo sapiens"
"SCARA3","","scavenger receptor class A member 3(SCARA3)","Homo sapiens"
"SCGB3A1","","secretoglobin family 3A member 1(SCGB3A1)","Homo sapiens"
"SCN3A","","sodium voltage-gated channel alpha subunit 3(SCN3A)","Homo sapiens"
"SCPEP1","","serine carboxypeptidase 1(SCPEP1)","Homo sapiens"
"SDC4","","syndecan 4(SDC4)","Homo sapiens"
"SELENOI","","selenoprotein I(SELENOI)","Homo sapiens"
"SH2D4B","","SH2 domain containing 4B(SH2D4B)","Homo sapiens"
"SHMT2","","serine hydroxymethyltransferase 2(SHMT2)","Homo sapiens"
"SIRT2","","sirtuin 2(SIRT2)","Homo sapiens"
"SKI","","SKI proto-oncogene(SKI)","Homo sapiens"
"SLBP","","stem-loop histone mRNA binding protein(SLBP)","Homo sapiens"
"SLC12A7","","solute carrier family 12 member 7(SLC12A7)","Homo sapiens"
"SLC16A5","","solute carrier family 16 member 5(SLC16A5)","Homo sapiens"
"SLC25A34","","solute carrier family 25 member 34(SLC25A34)","Homo sapiens"
"SLC25A42","","solute carrier family 25 member 42(SLC25A42)","Homo sapiens"
"SLC35A5","","solute carrier family 35 member A5(SLC35A5)","Homo sapiens"
"SLC38A1","","solute carrier family 38 member 1(SLC38A1)","Homo sapiens"
"SLC43A2","","solute carrier family 43 member 2(SLC43A2)","Homo sapiens"
"SLC6A14","","solute carrier family 6 member 14(SLC6A14)","Homo sapiens"
"SLC8A1","","solute carrier family 8 member A1(SLC8A1)","Homo sapiens"
"SLF1","","SMC5/6 complex localization factor 1(SLF1)","Homo sapiens"
"SLFN13","","schlafen family member 13(SLFN13)","Homo sapiens"
"SLITRK6","","SLIT and NTRK like family member 6(SLITRK6)","Homo sapiens"
"SMG7","","SMG7 nonsense mediated mRNA decay factor(SMG7)","Homo sapiens"
"SMIM30","","small integral membrane protein 30(SMIM30)","Homo sapiens"
"SNAP25","","synaptosome associated protein 25(SNAP25)","Homo sapiens"
"SNN","","stannin(SNN)","Homo sapiens"
"SNX13","","sorting nexin 13(SNX13)","Homo sapiens"
"SNX32","","sorting nexin 32(SNX32)","Homo sapiens"
"SOD1","","superoxide dismutase 1(SOD1)","Homo sapiens"
"SOD3","","superoxide dismutase 3(SOD3)","Homo sapiens"
"SORBS2","","sorbin and SH3 domain containing 2(SORBS2)","Homo sapiens"
"SORD","","sorbitol dehydrogenase(SORD)","Homo sapiens"
"SOS2","","SOS Ras/Rho guanine nucleotide exchange factor 2(SOS2)","Homo sapiens"
"SOX18","","SRY-box transcription factor 18(SOX18)","Homo sapiens"
"SPATA18","","spermatogenesis associated 18(SPATA18)","Homo sapiens"
"SPATA6","","spermatogenesis associated 6(SPATA6)","Homo sapiens"
"SPNS2","","SPNS lysolipid transporter 2, sphingosine-1-phosphate(SPNS2)","Homo sapiens"
"SRSF6","","serine and arginine rich splicing factor 6(SRSF6)","Homo sapiens"
"SSRP1","","structure specific recognition protein 1(SSRP1)","Homo sapiens"
"ST6GALNAC6","","ST6 N-acetylgalactosaminide alpha-2,6-sialyltransferase 6(ST6GALNAC6)","Homo sapiens"
"ST8SIA4","","ST8 alpha-N-acetyl-neuraminide alpha-2,8-sialyltransferase 4(ST8SIA4)","Homo sapiens"
"STEAP1","","STEAP family member 1(STEAP1)","Homo sapiens"
"STK38L","","serine/threonine kinase 38 like(STK38L)","Homo sapiens"
"STS","","steroid sulfatase(STS)","Homo sapiens"
"STXBP4","","syntaxin binding protein 4(STXBP4)","Homo sapiens"
"SV2B","","synaptic vesicle glycoprotein 2B(SV2B)","Homo sapiens"
"SYNCRIP","","synaptotagmin binding cytoplasmic RNA interacting protein(SYNCRIP)","Homo sapiens"
"SYNPO","","synaptopodin(SYNPO)","Homo sapiens"
"SYT8","","synaptotagmin 8(SYT8)","Homo sapiens"
"TAB1","","TGF-beta activated kinase 1 (MAP3K7) binding protein 1(TAB1)","Homo sapiens"
"TAB2","","TGF-beta activated kinase 1 (MAP3K7) binding protein 2(TAB2)","Homo sapiens"
"TAF2","","TATA-box binding protein associated factor 2(TAF2)","Homo sapiens"
"TAX1BP3","","Tax1 binding protein 3(TAX1BP3)","Homo sapiens"
"TBC1D23","","TBC1 domain family member 23(TBC1D23)","Homo sapiens"
"TBPL1","","TATA-box binding protein like 1(TBPL1)","Homo sapiens"
"TEN1","","TEN1 subunit of CST complex(TEN1)","Homo sapiens"
"TEX14","","testis expressed 14, intercellular bridge forming factor(TEX14)","Homo sapiens"
"THAP5","","THAP domain containing 5(THAP5)","Homo sapiens"
"THEMIS","","thymocyte selection associated(THEMIS)","Homo sapiens"
"THUMPD3","","THUMP domain 3 tRNA guanosine methyltransferase(THUMPD3)","Homo sapiens"
"TIGD2","","tigger transposable element derived 2(TIGD2)","Homo sapiens"
"TMEM175","","transmembrane protein 175(TMEM175)","Homo sapiens"
"TMEM183A","","transmembrane protein 183A(TMEM183A)","Homo sapiens"
"TMEM217","","transmembrane protein 217(TMEM217)","Homo sapiens"
"TMEM30B","","transmembrane protein 30B(TMEM30B)","Homo sapiens"
"TMEM45B","","transmembrane protein 45B(TMEM45B)","Homo sapiens"
"TMEM98","","transmembrane protein 98(TMEM98)","Homo sapiens"
"TNFRSF11B","","TNF receptor superfamily member 11b(TNFRSF11B)","Homo sapiens"
"TNNC1","","troponin C1, slow skeletal and cardiac type(TNNC1)","Homo sapiens"
"TPM3","","tropomyosin 3(TPM3)","Homo sapiens"
"TRABD2A","","TraB domain containing 2A(TRABD2A)","Homo sapiens"
"TRAF3","","TNF receptor associated factor 3(TRAF3)","Homo sapiens"
"TRAF6","","TNF receptor associated factor 6(TRAF6)","Homo sapiens"
"TRAPPC4","","trafficking protein particle complex subunit 4(TRAPPC4)","Homo sapiens"
"TRAPPC5","","trafficking protein particle complex subunit 5(TRAPPC5)","Homo sapiens"
"TRIB1","","tribbles pseudokinase 1(TRIB1)","Homo sapiens"
"TRIM52","","tripartite motif containing 52(TRIM52)","Homo sapiens"
"TRNP1","","TMF1 regulated nuclear protein 1(TRNP1)","Homo sapiens"
"TSEN15","","tRNA splicing endonuclease subunit 15(TSEN15)","Homo sapiens"
"TSHZ2","","teashirt zinc finger homeobox 2(TSHZ2)","Homo sapiens"
"TSPAN5","","tetraspanin 5(TSPAN5)","Homo sapiens"
"TTC39A","","tetratricopeptide repeat domain 39A(TTC39A)","Homo sapiens"
"TTC9","","tetratricopeptide repeat domain 9(TTC9)","Homo sapiens"
"TUBGCP5","","tubulin gamma complex component 5(TUBGCP5)","Homo sapiens"
"TXN2","","thioredoxin 2(TXN2)","Homo sapiens"
"TXNDC12","","thioredoxin domain containing 12(TXNDC12)","Homo sapiens"
"TXNL4B","","thioredoxin like 4B(TXNL4B)","Homo sapiens"
"USE1","","unconventional SNARE in the ER 1(USE1)","Homo sapiens"
"USP38","","ubiquitin specific peptidase 38(USP38)","Homo sapiens"
"USP54","","ubiquitin specific peptidase 54(USP54)","Homo sapiens"
"UST","","uronyl 2-sulfotransferase(UST)","Homo sapiens"
"UXT","","ubiquitously expressed prefoldin like chaperone(UXT)","Homo sapiens"
"VIM","","vimentin(VIM)","Homo sapiens"
"VPS50","","VPS50 subunit of EARP/GARPII complex(VPS50)","Homo sapiens"
"VSIG2","","V-set and immunoglobulin domain containing 2(VSIG2)","Homo sapiens"
"WAC","","WW domain containing adaptor with coiled-coil(WAC)","Homo sapiens"
"WTIP","","WT1 interacting protein(WTIP)","Homo sapiens"
"ZBTB8A","","zinc finger and BTB domain containing 8A(ZBTB8A)","Homo sapiens"
"ZC3H11A","","zinc finger CCCH-type containing 11A(ZC3H11A)","Homo sapiens"
"ZMYM4","","zinc finger MYM-type containing 4(ZMYM4)","Homo sapiens"
"ZNF138","","zinc finger protein 138(ZNF138)","Homo sapiens"
"ZNF234","","zinc finger protein 234(ZNF234)","Homo sapiens"
"ZNF264","","zinc finger protein 264(ZNF264)","Homo sapiens"
"ZNF442","","zinc finger protein 442(ZNF442)","Homo sapiens"
"ZNF563","","zinc finger protein 563(ZNF563)","Homo sapiens"
"ZNF593","","zinc finger protein 593(ZNF593)","Homo sapiens"
"ZNF683","","zinc finger protein 683(ZNF683)","Homo sapiens"
"ZNF717","","zinc finger protein 717(ZNF717)","Homo sapiens"
"ZNF75A","","zinc finger protein 75A(ZNF75A)","Homo sapiens"
"ZNF770","","zinc finger protein 770(ZNF770)","Homo sapiens"
"ZSWIM4","","zinc finger SWIM-type containing 4(ZSWIM4)","Homo sapiens"
"ZSWIM6","","zinc finger SWIM-type containing 6(ZSWIM6)","Homo sapiens"

